type_name	display_name	exercise_id	metadata_summary	metadata_json
LISTEN_DIALOGUE_QA	听力，对话问答	005eb609-83ce-4f6a-b046-0e77298ec8b2	"{""keys"": [""correct_label"", ""listening_text"", ""options"", ""question"", ""question_pinyin"", ""seed""], ""options"": {""item_type"": ""object"", ""item_keys"": [""label"", ""pinyin"", ""text""]}}"	"{""seed"": null, ""options"": [{""text"": ""30度"", ""label"": ""A"", ""pinyin"": ""30 dù""}, {""text"": ""35度"", ""label"": ""B"", ""pinyin"": ""35 dù""}, {""text"": ""40度"", ""label"": ""C"", ""pinyin"": ""40 dù""}], ""question"": ""对话中提到的气温是多少度？"", ""correct_label"": ""B"", ""listening_text"": ""A说：今天天气很热，有35度呢。  \nB说：是啊，我们去游泳吧。"", ""question_pinyin"": ""duì huà zhōng tí dào de qì wēn shì duō shǎo dù ？""}"
LISTEN_DIALOGUE_QA	听力，对话问答	020d93b5-c234-4e2d-97a9-c824f8959f4b	"{""keys"": [""correct_label"", ""listening_text"", ""options"", ""question"", ""question_pinyin"", ""seed""], ""options"": {""item_type"": ""object"", ""item_keys"": [""label"", ""pinyin"", ""text""]}}"	"{""seed"": null, ""options"": [{""text"": ""在抽屉里"", ""label"": ""A"", ""pinyin"": ""zài chōu tì lǐ""}, {""text"": ""在书包里"", ""label"": ""B"", ""pinyin"": ""zài shū bāo lǐ""}, {""text"": ""在课桌上"", ""label"": ""C"", ""pinyin"": ""zài kè zhuō shàng""}], ""question"": ""小红的本子在哪里？"", ""correct_label"": ""C"", ""listening_text"": ""小明说：我的本子在书包里，你的本子在哪里？  \n小红说：我的本子在课桌上。"", ""question_pinyin"": ""xiǎo hóng de běn zi zài nǎ lǐ ？""}"
LISTEN_IMAGE_MATCH	听录音，看图配对	00acc33d-fe04-4d2b-9f52-775216a9d40f	"{""keys"": [""keywords"", ""seed""]}"	"{""seed"": null, ""keywords"": [""音乐"", ""吉他"", ""耳机""]}"
LISTEN_IMAGE_MATCH	听录音，看图配对	00c190af-1b15-40ca-9520-2f1b00de7876	"{""keys"": [""correct_image_index"", ""listening_text""]}"	"{""listening_text"": ""天上有很多星星。"", ""correct_image_index"": 2}"
LISTEN_IMAGE_MC	听录音，看图选择	01b3e4b4-5344-4e20-9fb7-c2d32787807e	"{""keys"": [""correct_answer"", ""listening_text"", ""options""], ""options"": {""item_type"": ""object"", ""item_keys"": [""image_asset_id"", ""keyword"", ""label""]}}"	"{""options"": [{""label"": ""A"", ""keyword"": ""网址"", ""image_asset_id"": ""faa6601c-31a7-40f0-89e5-79db01092a64""}, {""label"": ""B"", ""keyword"": ""网站"", ""image_asset_id"": ""f7fd8991-4a78-4ffd-94e9-14674ddb12b4""}, {""label"": ""C"", ""keyword"": ""网页"", ""image_asset_id"": ""7179f6ba-12d5-46a5-978c-452aad4a76c8""}], ""correct_answer"": ""B"", ""listening_text"": ""我在网站上看照片。""}"
LISTEN_IMAGE_MC	听录音，看图选择	01f14639-4579-4746-a1b0-a89174a23ab6	"{""keys"": [""correct_answer"", ""listening_text"", ""options""], ""options"": {""item_type"": ""object"", ""item_keys"": [""image_asset_id"", ""keyword"", ""label""]}}"	"{""options"": [{""label"": ""A"", ""keyword"": ""客厅"", ""image_asset_id"": ""d24c887e-6143-4764-96e2-c6c306b7783d""}, {""label"": ""B"", ""keyword"": ""卧室"", ""image_asset_id"": ""4a076c41-0b8b-4867-8ec4-9fede265b451""}, {""label"": ""C"", ""keyword"": ""房间"", ""image_asset_id"": ""e1f1d772-ccdd-47d3-98fb-609e751799b9""}], ""correct_answer"": ""C"", ""listening_text"": ""房间里有一张床和一把椅子。""}"
LISTEN_IMAGE_TRUE_FALSE	听录音，看图判断	0001a4e7-62b2-4a39-8b13-0b30534f2ca7	"{""keys"": [""correct_answer"", ""listening_text""]}"	"{""correct_answer"": false, ""listening_text"": ""小明看到自己的考试成绩后，开心地笑了。""}"
LISTEN_IMAGE_TRUE_FALSE	听录音，看图判断	017d2dfe-70f2-40b3-a28a-c9c293bffa6b	"{""keys"": [""correct_answer"", ""listening_text""]}"	"{""correct_answer"": false, ""listening_text"": ""一位西医在医院给病人看病。""}"
LISTEN_PARAGRAPH_QA	听力，段落问答	01dd3a7b-57d0-4b94-aff3-23555c9cc61e	"{""keys"": [""correct_label"", ""listening_text"", ""options"", ""question"", ""question_pinyin"", ""seed""], ""options"": {""item_type"": ""object"", ""item_keys"": [""label"", ""pinyin"", ""text""]}}"	"{""seed"": null, ""options"": [{""text"": ""操场"", ""label"": ""A"", ""pinyin"": ""cāo chǎng""}, {""text"": ""图书馆"", ""label"": ""B"", ""pinyin"": ""tú shū guǎn""}, {""text"": ""教室"", ""label"": ""C"", ""pinyin"": ""jiào shì""}], ""question"": ""小明在什么地方把本子还给小美？"", ""correct_label"": ""B"", ""listening_text"": ""小美在图书馆看书，她的本子掉在了地上。小明看见了，把本子捡起来还给她。这个本子是红色的，上面有一只小猫。小美说：“谢谢，这是我最喜欢的本子。”"", ""question_pinyin"": ""xiǎo míng zài shén me dì fāng bǎ běn zi huán gěi xiǎo měi ？""}"
LISTEN_PARAGRAPH_QA	听力，段落问答	029ece37-fd31-46e7-b843-6e8a9556ba15	"{""keys"": [""correct_label"", ""listening_text"", ""options"", ""question"", ""question_pinyin"", ""seed""], ""options"": {""item_type"": ""object"", ""item_keys"": [""label"", ""pinyin"", ""text""]}}"	"{""seed"": null, ""options"": [{""text"": ""喝了茶，聊了半小时"", ""label"": ""A"", ""pinyin"": ""hē le chá ， liáo le bàn xiǎo shí""}, {""text"": ""坐公交车去了小李家"", ""label"": ""B"", ""pinyin"": ""zuò gōng jiāo chē qù le xiǎo lǐ jiā""}, {""text"": ""打了两个电话提醒客人"", ""label"": ""C"", ""pinyin"": ""dǎ le liǎng gè diàn huà tí xǐng kè rén""}], ""question"": ""小李和客人一起做了什么？"", ""correct_label"": ""A"", ""listening_text"": ""今天下午三点，小李在家等客人。客人说要坐公交车来，但是走错了路。小李打了两个电话提醒他，最后客人才找到家门。他们一起喝了茶，聊了半小时。"", ""question_pinyin"": ""xiǎo lǐ hé kè rén yì qǐ zuò le shén me ？""}"
LISTEN_SENTENCE_QA	听录音，句子问答	00bfec82-f58c-45e2-9ad3-ad4f339014f5	"{""keys"": [""correct_label"", ""listening_text"", ""options"", ""question"", ""question_pinyin"", ""seed""], ""options"": {""item_type"": ""object"", ""item_keys"": [""label"", ""pinyin"", ""text""]}}"	"{""seed"": null, ""options"": [{""text"": ""因为教室里很冷。"", ""label"": ""A"", ""pinyin"": ""yīn wèi jiào shì lǐ hěn lěng 。""}, {""text"": ""因为小明在做运动。"", ""label"": ""B"", ""pinyin"": ""yīn wèi xiǎo míng zài zuò yùn dòng 。""}, {""text"": ""因为教室里很热。"", ""label"": ""C"", ""pinyin"": ""yīn wèi jiào shì lǐ hěn rè 。""}], ""question"": ""今天早上教室里为什么小明穿了厚外套？"", ""correct_label"": ""A"", ""listening_text"": ""今天早上教室里很冷，小明穿了厚外套。"", ""question_pinyin"": ""jīn tiān zǎo shàng jiào shì lǐ wèi shén me xiǎo míng chuān le hòu wài tào ？""}"
LISTEN_SENTENCE_QA	听录音，句子问答	00e0ba93-ff02-4d6c-aa9b-d100dc931492	"{""keys"": [""correct_label"", ""listening_text"", ""options"", ""question"", ""question_pinyin"", ""seed""], ""options"": {""item_type"": ""object"", ""item_keys"": [""label"", ""pinyin"", ""text""]}}"	"{""seed"": null, ""options"": [{""text"": ""下午两点"", ""label"": ""A"", ""pinyin"": ""xià wǔ liǎng diǎn""}, {""text"": ""下午四点"", ""label"": ""B"", ""pinyin"": ""xià wǔ sì diǎn""}, {""text"": ""上午十点"", ""label"": ""C"", ""pinyin"": ""shàng wǔ shí diǎn""}], ""question"": ""说话人每天什么时候学习汉语？"", ""correct_label"": ""B"", ""listening_text"": ""我每天下午四点学习汉语。"", ""question_pinyin"": ""shuō huà rén měi tiān shén me shí hòu xué xí hàn yǔ ？""}"
LISTEN_SENTENCE_TF	听录音，句子判断	0146e76b-ad02-490f-875a-48bf14ff6f22	"{""keys"": [""correct_answer"", ""listening_text"", ""seed"", ""statement"", ""statement_pinyin""]}"	"{""seed"": null, ""statement"": ""我家离学校有三公里，每天骑自行车上学。"", ""correct_answer"": true, ""listening_text"": ""我家离学校有三公里，每天骑自行车上学。"", ""statement_pinyin"": ""wǒ jiā lí xué xiào yǒu sān gōng lǐ ， měi tiān qí zì xíng chē shàng xué 。""}"
LISTEN_SENTENCE_TF	听录音，句子判断	03d8b05d-581f-4f9c-a4e2-0410b9812b27	"{""keys"": [""correct_answer"", ""listening_text"", ""seed"", ""statement"", ""statement_pinyin""]}"	"{""seed"": null, ""statement"": ""小李下午三点在图书馆对小王说“不客气”。"", ""correct_answer"": true, ""listening_text"": ""小李下午三点在图书馆对小王说“不客气”。"", ""statement_pinyin"": ""xiǎo lǐ xià wǔ sān diǎn zài tú shū guǎn duì xiǎo wáng shuō “ bú kè qì ”。""}"
READ_DIALOGUE_MATCH	阅读，对话配对	00614707-e4d7-4a81-a008-4be86c4a985e	"{""keys"": [""pair_index"", ""reply"", ""reply_pinyin"", ""utter_pinyin"", ""utterance""]}"	"{""reply"": ""这是我的手机。"", ""utterance"": ""这是谁的手机？"", ""pair_index"": 1, ""reply_pinyin"": ""zhè shì wǒ de shǒu jī 。"", ""utter_pinyin"": ""zhè shì shéi de shǒu jī ？""}"
READ_DIALOGUE_MATCH	阅读，对话配对	006f64be-6918-4e31-abf3-200a7fb91593	"{""keys"": [""pair_index"", ""reply"", ""reply_pinyin"", ""utter_pinyin"", ""utterance""]}"	"{""reply"": ""经常一起吃。"", ""utterance"": ""你和同事一起吃午饭吗？"", ""pair_index"": 2, ""reply_pinyin"": ""jīng cháng yì qǐ chī 。"", ""utter_pinyin"": ""nǐ hé tóng shì yì qǐ chī wǔ fàn ma ？""}"
READ_IMAGE_MATCH	阅读，看图配对	0000a30b-af72-4261-bc04-25a64f1cf36b	"{""keys"": [""correct_image_index"", ""pinyin"", ""word""]}"	"{""word"": ""蜡烛"", ""pinyin"": ""là zhú"", ""correct_image_index"": 2}"
READ_IMAGE_MATCH	阅读，看图配对	00cc2009-1ecb-4721-b0ac-74283fd108cd	"{""keys"": [""correct_image_index"", ""pinyin"", ""word""]}"	"{""word"": ""图书馆"", ""pinyin"": ""tú shū guǎn"", ""correct_image_index"": 2}"
READ_IMAGE_TRUE_FALSE	阅读，图片判断	015b6f64-8741-4681-acb2-a298053f8726	"{""keys"": [""correct_answer"", ""pinyin"", ""word""]}"	"{""word"": ""短信"", ""pinyin"": ""duǎn xìn"", ""correct_answer"": false}"
READ_IMAGE_TRUE_FALSE	阅读，图片判断	015c3b15-b6f8-4e01-b023-657b43299295	"{""keys"": [""correct_answer"", ""pinyin"", ""word""]}"	"{""word"": ""地球"", ""pinyin"": ""dì qiú"", ""correct_answer"": false}"
READ_PARAGRAPH_COMPREHENSION	段落理解	00b16009-e89f-4be0-9300-f95c3cf9bb66	"{""keys"": [""correct_label"", ""index"", ""options"", ""question""], ""options"": {""item_type"": ""object"", ""item_keys"": [""label"", ""text""]}}"	"{""index"": 1, ""options"": [{""text"": ""太难了，想要放弃"", ""label"": ""A""}, {""text"": ""有点难，但很有趣"", ""label"": ""B""}, {""text"": ""无聊，不想继续学"", ""label"": ""C""}, {""text"": ""非常简单，没有困难"", ""label"": ""D""}], ""question"": ""说话者觉得汉语怎么样？"", ""correct_label"": ""B""}"
READ_PARAGRAPH_COMPREHENSION	段落理解	00b3d4b6-207a-413d-b25a-1a3bc14b98b5	"{""keys"": [""correct_label"", ""index"", ""options"", ""question""], ""options"": {""item_type"": ""object"", ""item_keys"": [""label"", ""text""]}}"	"{""index"": 0, ""options"": [{""text"": ""因为它能和朋友联系，而且颜色好看"", ""label"": ""A""}, {""text"": ""因为它很重，感觉结实"", ""label"": ""B""}, {""text"": ""因为它的颜色是黑色，很酷"", ""label"": ""C""}, {""text"": ""因为他用它买了学校用品"", ""label"": ""D""}], ""question"": ""说话人为什么喜欢他的新电话？"", ""correct_label"": ""A""}"
READ_SENTENCE_COMPREHENSION_CHOICE	句子理解(选择)	00b80ed7-94d8-4d98-b44f-ce6e779a3d57	"{""keys"": [""correct_label"", ""keyword"", ""options"", ""passage"", ""question"", ""question_pinyin"", ""seed""], ""options"": {""item_type"": ""object"", ""item_keys"": [""label"", ""pinyin"", ""text""]}}"	"{""seed"": null, ""keyword"": ""床"", ""options"": [{""text"": ""因为床在客厅"", ""label"": ""A"", ""pinyin"": ""yīn wèi chuáng zài kè tīng""}, {""text"": ""因为床软又舒服"", ""label"": ""B"", ""pinyin"": ""yīn wèi chuáng ruǎn yòu shū fú""}, {""text"": ""因为床很硬"", ""label"": ""C"", ""pinyin"": ""yīn wèi chuáng hěn yìng""}], ""passage"": ""我喜欢我的小床，它又软又舒服。每天晚上我都在床上睡觉，睡得很香。"", ""question"": ""说话人为什么喜欢他的床？"", ""correct_label"": ""B"", ""question_pinyin"": ""shuō huà rén wéi shén me xǐ huān tā de chuáng ？""}"
READ_SENTENCE_COMPREHENSION_CHOICE	句子理解(选择)	01919461-95af-4a36-959f-5869967c6cc0	"{""keys"": [""correct_label"", ""keyword"", ""options"", ""passage"", ""question"", ""question_pinyin"", ""seed""], ""options"": {""item_type"": ""object"", ""item_keys"": [""label"", ""pinyin"", ""text""]}}"	"{""seed"": null, ""keyword"": ""亮"", ""options"": [{""text"": ""因为阳光很亮"", ""label"": ""A"", ""pinyin"": ""yīn wèi yáng guāng hěn liàng""}, {""text"": ""因为他在家里睡觉"", ""label"": ""B"", ""pinyin"": ""yīn wèi tā zài jiā lǐ shuì jiào""}, {""text"": ""因为下雨了"", ""label"": ""C"", ""pinyin"": ""yīn wèi xià yǔ le""}], ""passage"": ""今天阳光很亮，小明开心地在公园里和朋友们一起跑步。"", ""question"": ""小明为什么开心？"", ""correct_label"": ""A"", ""question_pinyin"": ""xiǎo míng wèi shén me kāi xīn ？""}"
READ_SENTENCE_ORDER	连句成段	009a00c9-452c-4eb9-8c2b-94b3b000f249	"{""keys"": [""answer_ids"", ""answer_order"", ""keyword"", ""paragraph"", ""pieces_original"", ""pieces_shuffled_label_map"", ""seed""]}"	"{""seed"": null, ""keyword"": ""网友"", ""paragraph"": ""我上网的时候认识了一个网友。我们经常聊天。他很有意思。我很喜欢和他说话。"", ""answer_ids"": [""6b0b198c-ca1d-41b6-b2de-0b998e52c45f"", ""d7a40c6d-841d-482e-b947-323831384e63"", ""b8750696-a905-450d-9079-5be6a60ad876"", ""01363573-7f1f-49fe-bfa3-eea7ac01d29e""], ""answer_order"": [""B"", ""A"", ""D"", ""C""], ""pieces_original"": [{""id"": ""6b0b198c-ca1d-41b6-b2de-0b998e52c45f"", ""text"": ""我上网的时候认识了一个网友。"", ""pinyin"": ""wǒ shàng wǎng de shí hòu rèn shí le yí gè wǎng yǒu 。""}, {""id"": ""d7a40c6d-841d-482e-b947-323831384e63"", ""text"": ""我们经常聊天。"", ""pinyin"": ""wǒ men jīng cháng liáo tiān 。""}, {""id"": ""b8750696-a905-450d-9079-5be6a60ad876"", ""text"": ""他很有意思。"", ""pinyin"": ""tā hěn yǒu yì sī 。""}, {""id"": ""01363573-7f1f-49fe-bfa3-eea7ac01d29e"", ""text"": ""我很喜欢和他说话。"", ""pinyin"": ""wǒ hěn xǐ huān hé tā shuō huà 。""}], ""pieces_shuffled_label_map"": {""A"": {""id"": ""d7a40c6d-841d-482e-b947-323831384e63"", ""text"": ""我们经常聊天。"", ""pinyin"": ""wǒ men jīng cháng liáo tiān 。""}, ""B"": {""id"": ""6b0b198c-ca1d-41b6-b2de-0b998e52c45f"", ""text"": ""我上网的时候认识了一个网友。"", ""pinyin"": ""wǒ shàng wǎng de shí hòu rèn shí le yí gè wǎng yǒu 。""}, ""C"": {""id"": ""01363573-7f1f-49fe-bfa3-eea7ac01d29e"", ""text"": ""我很喜欢和他说话。"", ""pinyin"": ""wǒ hěn xǐ huān hé tā shuō huà 。""}, ""D"": {""id"": ""b8750696-a905-450d-9079-5be6a60ad876"", ""text"": ""他很有意思。"", ""pinyin"": ""tā hěn yǒu yì sī 。""}}}"
READ_SENTENCE_ORDER	连句成段	00bc2d79-a186-44f0-b6ad-a298d641ecf5	"{""keys"": [""answer_ids"", ""answer_order"", ""keyword"", ""paragraph"", ""pieces_original"", ""pieces_shuffled_label_map"", ""seed""]}"	"{""seed"": null, ""keyword"": ""比如"", ""paragraph"": ""我想去公园散步。比如，可以去附近的湖边。那里空气很好。我经常下午去。"", ""answer_ids"": [""f3e6aea5-1322-4b13-a046-2828a3454a88"", ""28ae639e-e17c-4c6b-9023-b2250158816a"", ""cc90423f-f418-4afc-982c-18013147ecf1"", ""3b84cba7-c9f8-4852-a77f-7fdd144a0147""], ""answer_order"": [""A"", ""B"", ""D"", ""C""], ""pieces_original"": [{""id"": ""f3e6aea5-1322-4b13-a046-2828a3454a88"", ""text"": ""我想去公园散步。"", ""pinyin"": ""wǒ xiǎng qù gōng yuán sàn bù 。""}, {""id"": ""28ae639e-e17c-4c6b-9023-b2250158816a"", ""text"": ""比如，可以去附近的湖边。"", ""pinyin"": ""bǐ rú ， kě yǐ qù fù jìn de hú biān 。""}, {""id"": ""cc90423f-f418-4afc-982c-18013147ecf1"", ""text"": ""那里空气很好。"", ""pinyin"": ""nà lǐ kōng qì hěn hǎo 。""}, {""id"": ""3b84cba7-c9f8-4852-a77f-7fdd144a0147"", ""text"": ""我经常下午去。"", ""pinyin"": ""wǒ jīng cháng xià wǔ qù 。""}], ""pieces_shuffled_label_map"": {""A"": {""id"": ""f3e6aea5-1322-4b13-a046-2828a3454a88"", ""text"": ""我想去公园散步。"", ""pinyin"": ""wǒ xiǎng qù gōng yuán sàn bù 。""}, ""B"": {""id"": ""28ae639e-e17c-4c6b-9023-b2250158816a"", ""text"": ""比如，可以去附近的湖边。"", ""pinyin"": ""bǐ rú ， kě yǐ qù fù jìn de hú biān 。""}, ""C"": {""id"": ""3b84cba7-c9f8-4852-a77f-7fdd144a0147"", ""text"": ""我经常下午去。"", ""pinyin"": ""wǒ jīng cháng xià wǔ qù 。""}, ""D"": {""id"": ""cc90423f-f418-4afc-982c-18013147ecf1"", ""text"": ""那里空气很好。"", ""pinyin"": ""nà lǐ kōng qì hěn hǎo 。""}}}"
READ_SENTENCE_TF	句子理解(判断)	0010998a-ca57-4cf6-b266-9264666e30e0	"{""keys"": [""correct_answer"", ""keyword"", ""passage"", ""seed"", ""statement""]}"	"{""seed"": null, ""keyword"": ""影响"", ""passage"": ""好的，这是一段符合要求的中文文本：\n\n每天阅读半小时对学习有很好的影响，让我增长了知识，也变得更自信了。"", ""statement"": ""阅读半小时提升了我的知识与自信。"", ""correct_answer"": true}"
READ_SENTENCE_TF	句子理解(判断)	0011a046-fa71-4f4a-a6fa-11329b41fde1	"{""keys"": [""correct_answer"", ""keyword"", ""passage"", ""seed"", ""statement""]}"	"{""seed"": null, ""keyword"": ""左"", ""passage"": ""我们向左走吧，那边有美丽的花和清新的空气，心情也会变好。"", ""statement"": ""左边的花园让人心情愉悦"", ""correct_answer"": true}"
READ_SENTENCE_TRANSLATION	句子翻译	009aa88f-56a2-4eda-a2e1-92674820c675	"{""keys"": [""keyword"", ""seed"", ""sentence_cn"", ""sentence_en""]}"	"{""seed"": null, ""keyword"": ""红"", ""sentence_cn"": ""我喜欢红色的花。"", ""sentence_en"": ""I like red flowers.""}"
READ_SENTENCE_TRANSLATION	句子翻译	015a0f41-f103-43bd-a7d3-e975a524f78a	"{""keys"": [""keyword"", ""seed"", ""sentence_cn"", ""sentence_en""]}"	"{""seed"": null, ""keyword"": ""今年"", ""sentence_cn"": ""今年我很开心。"", ""sentence_en"": ""I am very happy this year.""}"
READ_WORD_GAP_FILL	阅读，句子填空	00e86add-de66-4939-a6b7-0ab7d8d97acf	"{""keys"": [""content"", ""correctAnswer"", ""keyword"", ""seed""]}"	"{""seed"": null, ""content"": {""text"": ""我___去___了，因为那天是我的生日。"", ""blanks"": [{""options"": {""A"": {""text"": ""跑步"", ""pinyin"": ""pǎo bù""}, ""B"": {""text"": ""昨天"", ""pinyin"": ""zuó tiān""}, ""C"": {""text"": ""苹果"", ""pinyin"": ""píng guǒ""}, ""D"": {""text"": ""数学"", ""pinyin"": ""shù xué""}}, ""blankIndex"": 0, ""correctAnswer"": ""B""}, {""options"": {""A"": {""text"": ""吃饭"", ""pinyin"": ""chī fàn""}, ""B"": {""text"": ""唱歌"", ""pinyin"": ""chàng gē""}, ""C"": {""text"": ""游泳"", ""pinyin"": ""yóu yǒng""}, ""D"": {""text"": ""公园"", ""pinyin"": ""gōng yuán""}}, ""blankIndex"": 1, ""correctAnswer"": ""D""}], ""prompt"": ""请根据语境，选择最合适的词填空。""}, ""keyword"": ""生日"", ""correctAnswer"": {""0"": ""B"", ""1"": ""D""}}"
READ_WORD_GAP_FILL	阅读，句子填空	059cee2d-242f-4bf3-aa9d-641f4cfd9012	"{""keys"": [""content"", ""correctAnswer"", ""keyword"", ""seed""]}"	"{""seed"": null, ""content"": {""text"": ""我___在___用___写作业。"", ""blanks"": [{""options"": {""A"": {""text"": ""苹果"", ""pinyin"": ""píng guǒ""}, ""B"": {""text"": ""跑步"", ""pinyin"": ""pǎo bù""}, ""C"": {""text"": ""经常"", ""pinyin"": ""jīng cháng""}, ""D"": {""text"": ""桌子"", ""pinyin"": ""zhuō zi""}}, ""blankIndex"": 0, ""correctAnswer"": ""C""}, {""options"": {""A"": {""text"": ""家"", ""pinyin"": ""jiā""}, ""B"": {""text"": ""唱歌"", ""pinyin"": ""chàng gē""}, ""C"": {""text"": ""铅笔"", ""pinyin"": ""qiān bǐ""}, ""D"": {""text"": ""游泳"", ""pinyin"": ""yóu yǒng""}}, ""blankIndex"": 1, ""correctAnswer"": ""A""}, {""options"": {""A"": {""text"": ""跳舞"", ""pinyin"": ""tiào wǔ""}, ""B"": {""text"": ""书包"", ""pinyin"": ""shū bāo""}, ""C"": {""text"": ""电脑"", ""pinyin"": ""diàn nǎo""}, ""D"": {""text"": ""下雨"", ""pinyin"": ""xià yǔ""}}, ""blankIndex"": 2, ""correctAnswer"": ""C""}], ""prompt"": ""请根据语境，选择最合适的词填空。""}, ""keyword"": ""电脑"", ""correctAnswer"": {""0"": ""C"", ""1"": ""A"", ""2"": ""C""}}"
READ_WORD_ORDER	连词成句	00f9b5aa-56c0-44f3-91ef-dcfbc3bed4a5	"{""keys"": [""answer_ids"", ""answer_order"", ""keyword"", ""pieces_original"", ""pieces_shuffled_label_map"", ""seed"", ""sentence""]}"	"{""seed"": null, ""keyword"": ""国外"", ""sentence"": ""我去国外读书了。"", ""answer_ids"": [""5e55ff43-26e5-4948-9844-46f4a0c085d3"", ""05789c14-6575-4d4b-847c-212598a723dd"", ""219be04b-160e-4261-977e-0be5bcabcf28"", ""d8965349-3be9-4d49-90a0-9863342501fd"", ""b467f4e3-b7c6-4330-825d-8249d9c19839""], ""answer_order"": [""B"", ""C"", ""E"", ""A"", ""D""], ""pieces_original"": [{""id"": ""5e55ff43-26e5-4948-9844-46f4a0c085d3"", ""text"": ""我"", ""pinyin"": ""wǒ""}, {""id"": ""05789c14-6575-4d4b-847c-212598a723dd"", ""text"": ""去"", ""pinyin"": ""qù""}, {""id"": ""219be04b-160e-4261-977e-0be5bcabcf28"", ""text"": ""国外"", ""pinyin"": ""guó wài""}, {""id"": ""d8965349-3be9-4d49-90a0-9863342501fd"", ""text"": ""读书"", ""pinyin"": ""dú shū""}, {""id"": ""b467f4e3-b7c6-4330-825d-8249d9c19839"", ""text"": ""了"", ""pinyin"": ""le""}], ""pieces_shuffled_label_map"": {""A"": {""id"": ""d8965349-3be9-4d49-90a0-9863342501fd"", ""text"": ""读书"", ""pinyin"": ""dú shū""}, ""B"": {""id"": ""5e55ff43-26e5-4948-9844-46f4a0c085d3"", ""text"": ""我"", ""pinyin"": ""wǒ""}, ""C"": {""id"": ""05789c14-6575-4d4b-847c-212598a723dd"", ""text"": ""去"", ""pinyin"": ""qù""}, ""D"": {""id"": ""b467f4e3-b7c6-4330-825d-8249d9c19839"", ""text"": ""了"", ""pinyin"": ""le""}, ""E"": {""id"": ""219be04b-160e-4261-977e-0be5bcabcf28"", ""text"": ""国外"", ""pinyin"": ""guó wài""}}}"
READ_WORD_ORDER	连词成句	0133e36c-9d32-4cb2-8e63-321282f8b5c1	"{""keys"": [""answer_ids"", ""answer_order"", ""keyword"", ""pieces_original"", ""pieces_shuffled_label_map"", ""seed"", ""sentence""]}"	"{""seed"": null, ""keyword"": ""本子"", ""sentence"": ""这是我的新本子。"", ""answer_ids"": [""61217a39-b47c-4028-a655-2c57e420afe7"", ""a5e315ea-0dbf-4a14-8927-39feaae8f6af"", ""62d07bae-0967-4e04-8c05-ac1920184e20"", ""c216b609-2188-49c6-8787-78d5a46c1109"", ""51c80afa-a6d7-4e66-a73c-dd191efc7f20"", ""0dac5adf-2453-426b-9e08-12e541ca2c18""], ""answer_order"": [""B"", ""C"", ""D"", ""E"", ""A"", ""F""], ""pieces_original"": [{""id"": ""61217a39-b47c-4028-a655-2c57e420afe7"", ""text"": ""这"", ""pinyin"": ""zhè""}, {""id"": ""a5e315ea-0dbf-4a14-8927-39feaae8f6af"", ""text"": ""是"", ""pinyin"": ""shì""}, {""id"": ""62d07bae-0967-4e04-8c05-ac1920184e20"", ""text"": ""我"", ""pinyin"": ""wǒ""}, {""id"": ""c216b609-2188-49c6-8787-78d5a46c1109"", ""text"": ""的"", ""pinyin"": ""de""}, {""id"": ""51c80afa-a6d7-4e66-a73c-dd191efc7f20"", ""text"": ""新"", ""pinyin"": ""xīn""}, {""id"": ""0dac5adf-2453-426b-9e08-12e541ca2c18"", ""text"": ""本子"", ""pinyin"": ""běn zi""}], ""pieces_shuffled_label_map"": {""A"": {""id"": ""51c80afa-a6d7-4e66-a73c-dd191efc7f20"", ""text"": ""新"", ""pinyin"": ""xīn""}, ""B"": {""id"": ""61217a39-b47c-4028-a655-2c57e420afe7"", ""text"": ""这"", ""pinyin"": ""zhè""}, ""C"": {""id"": ""a5e315ea-0dbf-4a14-8927-39feaae8f6af"", ""text"": ""是"", ""pinyin"": ""shì""}, ""D"": {""id"": ""62d07bae-0967-4e04-8c05-ac1920184e20"", ""text"": ""我"", ""pinyin"": ""wǒ""}, ""E"": {""id"": ""c216b609-2188-49c6-8787-78d5a46c1109"", ""text"": ""的"", ""pinyin"": ""de""}, ""F"": {""id"": ""0dac5adf-2453-426b-9e08-12e541ca2c18"", ""text"": ""本子"", ""pinyin"": ""běn zi""}}}"
SPEAK_FOLLOW	听音跟读	019f7ac7-a2ec-49e1-b3a3-4113a937906e	"{""keys"": [""audio_asset_id"", ""keyword"", ""pinyin"", ""seed"", ""sentence""]}"	"{""seed"": null, ""pinyin"": ""zhè jiàn yī fú zhēn piào liàng 。"", ""keyword"": ""漂亮"", ""sentence"": ""这件衣服真漂亮。"", ""audio_asset_id"": ""41acfc6c-8b44-437c-8274-b8ea2ef03800""}"
SPEAK_FOLLOW	听音跟读	02c303b4-5fff-4979-b231-923a34030b72	"{""keys"": [""audio_asset_id"", ""keyword"", ""pinyin"", ""seed"", ""sentence""]}"	"{""seed"": null, ""pinyin"": ""wǒ míng tiān jiù chū yuàn le 。"", ""keyword"": ""出院"", ""sentence"": ""我明天就出院了。"", ""audio_asset_id"": ""1d5ba3f8-b0f0-4019-83d0-d98fea7d752f""}"
STROKE_ORDER_WRITING	笔顺书写	0001692b-419e-4543-8496-4e413315226a	"{""keys"": [""animation"", ""character"", ""definition"", ""pinyin"", ""stroke_image_url""]}"	"{""pinyin"": ""rén"", ""animation"": ""./asset/animation/187.gif"", ""character"": ""人"", ""definition"": ""man / person / people"", ""stroke_image_url"": ""./asset/stroke/187.png""}"
STROKE_ORDER_WRITING	笔顺书写	002d1227-4a9b-4618-bff6-bc9b7604ade9	"{""keys"": [""animation"", ""character"", ""definition"", ""pinyin"", ""stroke_image_url""]}"	"{""pinyin"": ""xiāng、 xiàng"", ""animation"": ""./asset/animation/10613.gif"", ""character"": ""相"", ""definition"": ""each other / one another / mutually, appearance / portrait / picture"", ""stroke_image_url"": ""./asset/stroke/10613.png""}"
TRANSLATE_WORD_ORDER	翻译_连词成句	0024aed8-268c-45f8-bb8b-2d299c5576de	"{""keys"": [""content"", ""correctAnswer"", ""exercise_id"", ""keyword"", ""seed""]}"	"{""seed"": null, ""content"": {""words"": [{""word"": ""这个"", ""label"": ""1""}, {""word"": ""好玩儿"", ""label"": ""2""}, {""word"": ""真"", ""label"": ""3""}, {""word"": ""玩具"", ""label"": ""4""}], ""prompt"": ""Translate and order with words"", ""originalSentence"": ""This toy is really fun.""}, ""keyword"": ""好玩儿"", ""exercise_id"": ""0024aed8-268c-45f8-bb8b-2d299c5576de"", ""correctAnswer"": [""1"", ""4"", ""3"", ""2""]}"
TRANSLATE_WORD_ORDER	翻译_连词成句	00fc23e5-dfbc-4870-bf38-e9362ff113d5	"{""keys"": [""content"", ""correctAnswer"", ""exercise_id"", ""keyword"", ""seed""]}"	"{""seed"": null, ""content"": {""words"": [{""word"": ""今天天气"", ""label"": ""1""}, {""word"": ""真热"", ""label"": ""2""}], ""prompt"": ""Translate and order with words"", ""originalSentence"": ""Today's weather is really hot.""}, ""keyword"": ""热"", ""exercise_id"": ""00fc23e5-dfbc-4870-bf38-e9362ff113d5"", ""correctAnswer"": [""1"", ""2""]}"
